run_dir,run_label,model,prompt_format,max_new_tokens,kl_risk_threshold,uckv_risk_tolerance,split,policy,prompts,steps,avg_kl,p95_kl,max_kl,top1_mismatch_rate,avg_retained_ratio,avg_kept_tokens,avg_full_tokens,avg_replay_s_per_step,replay_metric_source
outputs/experiments/20260710_150144_956261_longshift_smollm2_chat_retrieval48_seed53_shortcal_longeval_thr01_tol036_w512_HuggingFaceTB__SmolLM2-135M-Instruct,longshift_smollm2_chat_retrieval48_seed53_shortcal_longeval_thr01_tol036_w512,HuggingFaceTB/SmolLM2-135M-Instruct,chat_template,24,0.01,0.36,calibration,full,24,576,0.0,0.0,0.0,0.0,1.0,620.0833333333334,620.0833333333334,0.158555402270824,actual_replay
outputs/experiments/20260710_150144_956261_longshift_smollm2_chat_retrieval48_seed53_shortcal_longeval_thr01_tol036_w512_HuggingFaceTB__SmolLM2-135M-Instruct,longshift_smollm2_chat_retrieval48_seed53_shortcal_longeval_thr01_tol036_w512,HuggingFaceTB/SmolLM2-135M-Instruct,chat_template,24,0.01,0.36,calibration,sink4_window_128,24,576,0.5109796991884582,3.390345275402069,11.109578132629396,0.1180555555555555,0.2160794624797987,132.0,620.0833333333334,0.1572543330486142,actual_replay
outputs/experiments/20260710_150144_956261_longshift_smollm2_chat_retrieval48_seed53_shortcal_longeval_thr01_tol036_w512_HuggingFaceTB__SmolLM2-135M-Instruct,longshift_smollm2_chat_retrieval48_seed53_shortcal_longeval_thr01_tol036_w512,HuggingFaceTB/SmolLM2-135M-Instruct,chat_template,24,0.01,0.36,calibration,sink4_window_256,24,576,0.478554390425599,3.3818708062171936,11.066211700439451,0.1111111111111111,0.4256110624602097,260.0,620.0833333333334,0.1586554183315911,actual_replay
outputs/experiments/20260710_150144_956261_longshift_smollm2_chat_retrieval48_seed53_shortcal_longeval_thr01_tol036_w512_HuggingFaceTB__SmolLM2-135M-Instruct,longshift_smollm2_chat_retrieval48_seed53_shortcal_longeval_thr01_tol036_w512,HuggingFaceTB/SmolLM2-135M-Instruct,chat_template,24,0.01,0.36,calibration,sink4_window_384,24,576,0.2486640402526428,2.3773109912872314,5.918044090270996,0.0607638888888888,0.6351426624406207,388.0,620.0833333333334,0.1591963009253353,actual_replay
outputs/experiments/20260710_150144_956261_longshift_smollm2_chat_retrieval48_seed53_shortcal_longeval_thr01_tol036_w512_HuggingFaceTB__SmolLM2-135M-Instruct,longshift_smollm2_chat_retrieval48_seed53_shortcal_longeval_thr01_tol036_w512,HuggingFaceTB/SmolLM2-135M-Instruct,chat_template,24,0.01,0.36,calibration,sink4_window_512,24,576,0.1272473370848358,0.1087539661675691,5.14684009552002,0.0295138888888888,0.8446742624210316,516.0,620.0833333333334,0.1643733452742961,actual_replay
outputs/experiments/20260710_150144_956261_longshift_smollm2_chat_retrieval48_seed53_shortcal_longeval_thr01_tol036_w512_HuggingFaceTB__SmolLM2-135M-Instruct,longshift_smollm2_chat_retrieval48_seed53_shortcal_longeval_thr01_tol036_w512,HuggingFaceTB/SmolLM2-135M-Instruct,chat_template,24,0.01,0.36,calibration,uckv_budget,24,576,0.1272473370848358,0.1087539661675691,5.14684009552002,0.0295138888888888,0.8446742624210316,516.0,620.0833333333334,0.1584748316666504,actual_replay
outputs/experiments/20260710_150144_956261_longshift_smollm2_chat_retrieval48_seed53_shortcal_longeval_thr01_tol036_w512_HuggingFaceTB__SmolLM2-135M-Instruct,longshift_smollm2_chat_retrieval48_seed53_shortcal_longeval_thr01_tol036_w512,HuggingFaceTB/SmolLM2-135M-Instruct,chat_template,24,0.01,0.36,calibration,uckv_entropy_adaptive,24,576,2.0346774478809144,7.635887622833252,15.446466445922852,0.3923611111111111,0.0267662751112436,16.296875,620.0833333333334,0.1570088734045245,actual_replay
outputs/experiments/20260710_150144_956261_longshift_smollm2_chat_retrieval48_seed53_shortcal_longeval_thr01_tol036_w512_HuggingFaceTB__SmolLM2-135M-Instruct,longshift_smollm2_chat_retrieval48_seed53_shortcal_longeval_thr01_tol036_w512,HuggingFaceTB/SmolLM2-135M-Instruct,chat_template,24,0.01,0.36,calibration,window_16,24,576,6.991030309487036,19.817005157470703,29.489620208740234,0.8229166666666666,0.0261914499975513,16.0,620.0833333333334,0.1602441504635218,actual_replay
outputs/experiments/20260710_150144_956261_longshift_smollm2_chat_retrieval48_seed53_shortcal_longeval_thr01_tol036_w512_HuggingFaceTB__SmolLM2-135M-Instruct,longshift_smollm2_chat_retrieval48_seed53_shortcal_longeval_thr01_tol036_w512,HuggingFaceTB/SmolLM2-135M-Instruct,chat_template,24,0.01,0.36,evaluation,full,24,576,0.0,0.0,0.0,0.0,1.0,1143.6666666666667,1143.6666666666667,0.1832930970069368,actual_replay
outputs/experiments/20260710_150144_956261_longshift_smollm2_chat_retrieval48_seed53_shortcal_longeval_thr01_tol036_w512_HuggingFaceTB__SmolLM2-135M-Instruct,longshift_smollm2_chat_retrieval48_seed53_shortcal_longeval_thr01_tol036_w512,HuggingFaceTB/SmolLM2-135M-Instruct,chat_template,24,0.01,0.36,evaluation,sink4_window_128,24,576,0.4478290209738473,3.224774658679962,6.421169281005859,0.1267361111111111,0.1174463877190347,132.0,1143.6666666666667,0.153866783203139,actual_replay
outputs/experiments/20260710_150144_956261_longshift_smollm2_chat_retrieval48_seed53_shortcal_longeval_thr01_tol036_w512_HuggingFaceTB__SmolLM2-135M-Instruct,longshift_smollm2_chat_retrieval48_seed53_shortcal_longeval_thr01_tol036_w512,HuggingFaceTB/SmolLM2-135M-Instruct,chat_template,24,0.01,0.36,evaluation,sink4_window_256,24,576,0.4297224174683869,3.2272875905036926,6.474151611328125,0.1180555555555555,0.2313337939920381,260.0,1143.6666666666667,0.1578520191666636,actual_replay
outputs/experiments/20260710_150144_956261_longshift_smollm2_chat_retrieval48_seed53_shortcal_longeval_thr01_tol036_w512_HuggingFaceTB__SmolLM2-135M-Instruct,longshift_smollm2_chat_retrieval48_seed53_shortcal_longeval_thr01_tol036_w512,HuggingFaceTB/SmolLM2-135M-Instruct,chat_template,24,0.01,0.36,evaluation,sink4_window_384,24,576,0.4178855952241415,3.251310169696808,6.523458957672119,0.1180555555555555,0.3452212002650416,388.0,1143.6666666666667,0.1572832751805511,actual_replay
outputs/experiments/20260710_150144_956261_longshift_smollm2_chat_retrieval48_seed53_shortcal_longeval_thr01_tol036_w512_HuggingFaceTB__SmolLM2-135M-Instruct,longshift_smollm2_chat_retrieval48_seed53_shortcal_longeval_thr01_tol036_w512,HuggingFaceTB/SmolLM2-135M-Instruct,chat_template,24,0.01,0.36,evaluation,sink4_window_512,24,576,0.2918061774513855,2.491902887821197,6.564107418060303,0.0850694444444444,0.4591086065380449,516.0,1143.6666666666667,0.15847652075693,actual_replay
outputs/experiments/20260710_150144_956261_longshift_smollm2_chat_retrieval48_seed53_shortcal_longeval_thr01_tol036_w512_HuggingFaceTB__SmolLM2-135M-Instruct,longshift_smollm2_chat_retrieval48_seed53_shortcal_longeval_thr01_tol036_w512,HuggingFaceTB/SmolLM2-135M-Instruct,chat_template,24,0.01,0.36,evaluation,uckv_budget,24,576,0.2918061774513855,2.491902887821197,6.564107418060303,0.0850694444444444,0.4591086065380449,516.0,1143.6666666666667,0.1627125730572882,actual_replay
outputs/experiments/20260710_150144_956261_longshift_smollm2_chat_retrieval48_seed53_shortcal_longeval_thr01_tol036_w512_HuggingFaceTB__SmolLM2-135M-Instruct,longshift_smollm2_chat_retrieval48_seed53_shortcal_longeval_thr01_tol036_w512,HuggingFaceTB/SmolLM2-135M-Instruct,chat_template,24,0.01,0.36,evaluation,uckv_entropy_adaptive,24,576,1.769567868292984,6.719625592231751,15.280843734741213,0.3732638888888889,0.0151662759585345,17.03472222222222,1143.6666666666667,0.1557350141059209,actual_replay
outputs/experiments/20260710_150144_956261_longshift_smollm2_chat_retrieval48_seed53_shortcal_longeval_thr01_tol036_w512_HuggingFaceTB__SmolLM2-135M-Instruct,longshift_smollm2_chat_retrieval48_seed53_shortcal_longeval_thr01_tol036_w512,HuggingFaceTB/SmolLM2-135M-Instruct,chat_template,24,0.01,0.36,evaluation,window_16,24,576,6.768127719737676,20.641505241394043,27.08325958251953,0.7899305555555556,0.0142359257841254,16.0,1143.6666666666667,0.1615464605034983,actual_replay
outputs/experiments/20260710_154721_814859_longshift_smollm2_chat_retrieval48_seed59_shortcal_longeval_thr01_tol036_w512_HuggingFaceTB__SmolLM2-135M-Instruct,longshift_smollm2_chat_retrieval48_seed59_shortcal_longeval_thr01_tol036_w512,HuggingFaceTB/SmolLM2-135M-Instruct,chat_template,24,0.01,0.36,calibration,full,24,576,0.0,0.0,0.0,0.0,1.0,621.9583333333334,621.9583333333334,0.1629474572447975,actual_replay
outputs/experiments/20260710_154721_814859_longshift_smollm2_chat_retrieval48_seed59_shortcal_longeval_thr01_tol036_w512_HuggingFaceTB__SmolLM2-135M-Instruct,longshift_smollm2_chat_retrieval48_seed59_shortcal_longeval_thr01_tol036_w512,HuggingFaceTB/SmolLM2-135M-Instruct,chat_template,24,0.01,0.36,calibration,sink4_window_128,24,576,0.5262281674106877,3.49457186460495,11.75136375427246,0.1128472222222222,0.2154438821938673,132.0,621.9583333333334,0.1482167651961832,actual_replay
outputs/experiments/20260710_154721_814859_longshift_smollm2_chat_retrieval48_seed59_shortcal_longeval_thr01_tol036_w512_HuggingFaceTB__SmolLM2-135M-Instruct,longshift_smollm2_chat_retrieval48_seed59_shortcal_longeval_thr01_tol036_w512,HuggingFaceTB/SmolLM2-135M-Instruct,chat_template,24,0.01,0.36,calibration,sink4_window_256,24,576,0.4523121137323498,3.2872759103775024,11.860877990722656,0.1024305555555555,0.4243591618970113,260.0,621.9583333333334,0.1511590367430434,actual_replay
outputs/experiments/20260710_154721_814859_longshift_smollm2_chat_retrieval48_seed59_shortcal_longeval_thr01_tol036_w512_HuggingFaceTB__SmolLM2-135M-Instruct,longshift_smollm2_chat_retrieval48_seed59_shortcal_longeval_thr01_tol036_w512,HuggingFaceTB/SmolLM2-135M-Instruct,chat_template,24,0.01,0.36,calibration,sink4_window_384,24,576,0.2538729690385106,2.6030686497688293,6.745329856872559,0.0555555555555555,0.6332744416001553,388.0,621.9583333333334,0.1513795047760532,actual_replay
outputs/experiments/20260710_154721_814859_longshift_smollm2_chat_retrieval48_seed59_shortcal_longeval_thr01_tol036_w512_HuggingFaceTB__SmolLM2-135M-Instruct,longshift_smollm2_chat_retrieval48_seed59_shortcal_longeval_thr01_tol036_w512,HuggingFaceTB/SmolLM2-135M-Instruct,chat_template,24,0.01,0.36,calibration,sink4_window_512,24,576,0.1278605964215348,0.0883462373167276,5.541778087615967,0.0277777777777777,0.8421897213032995,516.0,621.9583333333334,0.1532748558298698,actual_replay
outputs/experiments/20260710_154721_814859_longshift_smollm2_chat_retrieval48_seed59_shortcal_longeval_thr01_tol036_w512_HuggingFaceTB__SmolLM2-135M-Instruct,longshift_smollm2_chat_retrieval48_seed59_shortcal_longeval_thr01_tol036_w512,HuggingFaceTB/SmolLM2-135M-Instruct,chat_template,24,0.01,0.36,calibration,uckv_budget,24,576,0.1278605964215348,0.0883462373167276,5.541778087615967,0.0277777777777777,0.8421897213032995,516.0,621.9583333333334,0.1818828993749927,actual_replay
outputs/experiments/20260710_154721_814859_longshift_smollm2_chat_retrieval48_seed59_shortcal_longeval_thr01_tol036_w512_HuggingFaceTB__SmolLM2-135M-Instruct,longshift_smollm2_chat_retrieval48_seed59_shortcal_longeval_thr01_tol036_w512,HuggingFaceTB/SmolLM2-135M-Instruct,chat_template,24,0.01,0.36,calibration,uckv_entropy_adaptive,24,576,2.100228853809628,7.866524338722229,15.613093376159668,0.3993055555555556,0.0265622426265117,16.23784722222222,621.9583333333334,0.149428954359381,actual_replay
outputs/experiments/20260710_154721_814859_longshift_smollm2_chat_retrieval48_seed59_shortcal_longeval_thr01_tol036_w512_HuggingFaceTB__SmolLM2-135M-Instruct,longshift_smollm2_chat_retrieval48_seed59_shortcal_longeval_thr01_tol036_w512,HuggingFaceTB/SmolLM2-135M-Instruct,chat_template,24,0.01,0.36,calibration,window_16,24,576,7.2258643620651934,19.825799465179443,29.125282287597656,0.8368055555555556,0.026114409962893,16.0,621.9583333333334,0.1509455138142041,actual_replay
outputs/experiments/20260710_154721_814859_longshift_smollm2_chat_retrieval48_seed59_shortcal_longeval_thr01_tol036_w512_HuggingFaceTB__SmolLM2-135M-Instruct,longshift_smollm2_chat_retrieval48_seed59_shortcal_longeval_thr01_tol036_w512,HuggingFaceTB/SmolLM2-135M-Instruct,chat_template,24,0.01,0.36,evaluation,full,24,576,0.0,0.0,0.0,0.0,1.0,1143.4583333333333,1143.4583333333333,0.2010102940538129,actual_replay
outputs/experiments/20260710_154721_814859_longshift_smollm2_chat_retrieval48_seed59_shortcal_longeval_thr01_tol036_w512_HuggingFaceTB__SmolLM2-135M-Instruct,longshift_smollm2_chat_retrieval48_seed59_shortcal_longeval_thr01_tol036_w512,HuggingFaceTB/SmolLM2-135M-Instruct,chat_template,24,0.01,0.36,evaluation,sink4_window_128,24,576,0.4906802318516308,3.336952328681946,6.637506008148193,0.1319444444444444,0.11749109947112,132.0,1143.4583333333333,0.1748899464687573,actual_replay
outputs/experiments/20260710_154721_814859_longshift_smollm2_chat_retrieval48_seed59_shortcal_longeval_thr01_tol036_w512_HuggingFaceTB__SmolLM2-135M-Instruct,longshift_smollm2_chat_retrieval48_seed59_shortcal_longeval_thr01_tol036_w512,HuggingFaceTB/SmolLM2-135M-Instruct,chat_template,24,0.01,0.36,evaluation,sink4_window_256,24,576,0.4811697704088467,3.264581561088562,6.936087608337402,0.125,0.2314218625946304,260.0,1143.4583333333333,0.17596735568404,actual_replay
outputs/experiments/20260710_154721_814859_longshift_smollm2_chat_retrieval48_seed59_shortcal_longeval_thr01_tol036_w512_HuggingFaceTB__SmolLM2-135M-Instruct,longshift_smollm2_chat_retrieval48_seed59_shortcal_longeval_thr01_tol036_w512,HuggingFaceTB/SmolLM2-135M-Instruct,chat_template,24,0.01,0.36,evaluation,sink4_window_384,24,576,0.4743989294636643,3.319386959075928,6.9342451095581055,0.1197916666666666,0.3453526257181408,388.0,1143.4583333333333,0.1752292677968828,actual_replay
outputs/experiments/20260710_154721_814859_longshift_smollm2_chat_retrieval48_seed59_shortcal_longeval_thr01_tol036_w512_HuggingFaceTB__SmolLM2-135M-Instruct,longshift_smollm2_chat_retrieval48_seed59_shortcal_longeval_thr01_tol036_w512,HuggingFaceTB/SmolLM2-135M-Instruct,chat_template,24,0.01,0.36,evaluation,sink4_window_512,24,576,0.3425317203808881,2.766676366329193,6.529756546020508,0.0902777777777777,0.4592833888416512,516.0,1143.4583333333333,0.1793941521319197,actual_replay
outputs/experiments/20260710_154721_814859_longshift_smollm2_chat_retrieval48_seed59_shortcal_longeval_thr01_tol036_w512_HuggingFaceTB__SmolLM2-135M-Instruct,longshift_smollm2_chat_retrieval48_seed59_shortcal_longeval_thr01_tol036_w512,HuggingFaceTB/SmolLM2-135M-Instruct,chat_template,24,0.01,0.36,evaluation,uckv_budget,24,576,0.3425317203808881,2.766676366329193,6.529756546020508,0.0902777777777777,0.4592833888416512,516.0,1143.4583333333333,0.16038700484896,actual_replay
outputs/experiments/20260710_154721_814859_longshift_smollm2_chat_retrieval48_seed59_shortcal_longeval_thr01_tol036_w512_HuggingFaceTB__SmolLM2-135M-Instruct,longshift_smollm2_chat_retrieval48_seed59_shortcal_longeval_thr01_tol036_w512,HuggingFaceTB/SmolLM2-135M-Instruct,chat_template,24,0.01,0.36,evaluation,uckv_entropy_adaptive,24,576,1.895707319057804,6.98925507068634,15.017045021057127,0.390625,0.0149638311365435,16.835069444444443,1143.4583333333333,0.1746801203715399,actual_replay
outputs/experiments/20260710_154721_814859_longshift_smollm2_chat_retrieval48_seed59_shortcal_longeval_thr01_tol036_w512_HuggingFaceTB__SmolLM2-135M-Instruct,longshift_smollm2_chat_retrieval48_seed59_shortcal_longeval_thr01_tol036_w512,HuggingFaceTB/SmolLM2-135M-Instruct,chat_template,24,0.01,0.36,evaluation,window_16,24,576,7.163277231917265,20.8958740234375,26.83488273620605,0.8142361111111112,0.0142413453904387,16.0,1143.4583333333333,0.1804634439392379,actual_replay
outputs/experiments/20260710_163512_740942_longshift_smollm2_chat_retrieval48_seed61_shortcal_longeval_thr01_tol036_w512_HuggingFaceTB__SmolLM2-135M-Instruct,longshift_smollm2_chat_retrieval48_seed61_shortcal_longeval_thr01_tol036_w512,HuggingFaceTB/SmolLM2-135M-Instruct,chat_template,24,0.01,0.36,calibration,full,24,576,0.0,0.0,0.0,0.0,1.0,619.625,619.625,0.1480076210208381,actual_replay
outputs/experiments/20260710_163512_740942_longshift_smollm2_chat_retrieval48_seed61_shortcal_longeval_thr01_tol036_w512_HuggingFaceTB__SmolLM2-135M-Instruct,longshift_smollm2_chat_retrieval48_seed61_shortcal_longeval_thr01_tol036_w512,HuggingFaceTB/SmolLM2-135M-Instruct,chat_template,24,0.01,0.36,calibration,sink4_window_128,24,576,0.521012847217375,3.5162036418914795,11.483484268188477,0.1215277777777777,0.2159921543432321,132.0,619.625,0.1378555937534745,actual_replay
outputs/experiments/20260710_163512_740942_longshift_smollm2_chat_retrieval48_seed61_shortcal_longeval_thr01_tol036_w512_HuggingFaceTB__SmolLM2-135M-Instruct,longshift_smollm2_chat_retrieval48_seed61_shortcal_longeval_thr01_tol036_w512,HuggingFaceTB/SmolLM2-135M-Instruct,chat_template,24,0.01,0.36,calibration,sink4_window_256,24,576,0.5082386601073292,3.562041759490967,11.45249080657959,0.1163194444444444,0.4254390918881845,260.0,619.625,0.1391482541197888,actual_replay
outputs/experiments/20260710_163512_740942_longshift_smollm2_chat_retrieval48_seed61_shortcal_longeval_thr01_tol036_w512_HuggingFaceTB__SmolLM2-135M-Instruct,longshift_smollm2_chat_retrieval48_seed61_shortcal_longeval_thr01_tol036_w512,HuggingFaceTB/SmolLM2-135M-Instruct,chat_template,24,0.01,0.36,calibration,sink4_window_384,24,576,0.2331714955445241,2.1185675859451294,5.572765827178955,0.0555555555555555,0.6348860294331369,388.0,619.625,0.1435730046996594,actual_replay
outputs/experiments/20260710_163512_740942_longshift_smollm2_chat_retrieval48_seed61_shortcal_longeval_thr01_tol036_w512_HuggingFaceTB__SmolLM2-135M-Instruct,longshift_smollm2_chat_retrieval48_seed61_shortcal_longeval_thr01_tol036_w512,HuggingFaceTB/SmolLM2-135M-Instruct,chat_template,24,0.01,0.36,calibration,sink4_window_512,24,576,0.1272894747787545,0.1039703506976366,5.199613571166992,0.03125,0.8443329669780892,516.0,619.625,0.146024140980905,actual_replay
outputs/experiments/20260710_163512_740942_longshift_smollm2_chat_retrieval48_seed61_shortcal_longeval_thr01_tol036_w512_HuggingFaceTB__SmolLM2-135M-Instruct,longshift_smollm2_chat_retrieval48_seed61_shortcal_longeval_thr01_tol036_w512,HuggingFaceTB/SmolLM2-135M-Instruct,chat_template,24,0.01,0.36,calibration,uckv_budget,24,576,0.1577988479346672,0.1341312490403652,5.46990442276001,0.0399305555555555,0.8294146607260838,507.96006944444446,619.625,0.184483120729169,actual_replay
outputs/experiments/20260710_163512_740942_longshift_smollm2_chat_retrieval48_seed61_shortcal_longeval_thr01_tol036_w512_HuggingFaceTB__SmolLM2-135M-Instruct,longshift_smollm2_chat_retrieval48_seed61_shortcal_longeval_thr01_tol036_w512,HuggingFaceTB/SmolLM2-135M-Instruct,chat_template,24,0.01,0.36,calibration,uckv_entropy_adaptive,24,576,2.0863059988264223,7.666635036468506,16.298017501831055,0.40625,0.0272126425033117,16.541666666666668,619.625,0.1381297424791606,actual_replay
outputs/experiments/20260710_163512_740942_longshift_smollm2_chat_retrieval48_seed61_shortcal_longeval_thr01_tol036_w512_HuggingFaceTB__SmolLM2-135M-Instruct,longshift_smollm2_chat_retrieval48_seed61_shortcal_longeval_thr01_tol036_w512,HuggingFaceTB/SmolLM2-135M-Instruct,chat_template,24,0.01,0.36,calibration,window_16,24,576,7.05750978069111,20.02866554260254,28.429426193237305,0.8263888888888888,0.026180867193119,16.0,619.625,0.1418106161735927,actual_replay
outputs/experiments/20260710_163512_740942_longshift_smollm2_chat_retrieval48_seed61_shortcal_longeval_thr01_tol036_w512_HuggingFaceTB__SmolLM2-135M-Instruct,longshift_smollm2_chat_retrieval48_seed61_shortcal_longeval_thr01_tol036_w512,HuggingFaceTB/SmolLM2-135M-Instruct,chat_template,24,0.01,0.36,evaluation,full,24,576,0.0,0.0,0.0,0.0,1.0,1139.4583333333333,1139.4583333333333,0.1873949133368076,actual_replay
outputs/experiments/20260710_163512_740942_longshift_smollm2_chat_retrieval48_seed61_shortcal_longeval_thr01_tol036_w512_HuggingFaceTB__SmolLM2-135M-Instruct,longshift_smollm2_chat_retrieval48_seed61_shortcal_longeval_thr01_tol036_w512,HuggingFaceTB/SmolLM2-135M-Instruct,chat_template,24,0.01,0.36,evaluation,sink4_window_128,24,576,0.4594001184903278,3.227948606014252,6.89447832107544,0.1128472222222222,0.1178670284859743,132.0,1139.4583333333333,0.15344577653993,actual_replay
outputs/experiments/20260710_163512_740942_longshift_smollm2_chat_retrieval48_seed61_shortcal_longeval_thr01_tol036_w512_HuggingFaceTB__SmolLM2-135M-Instruct,longshift_smollm2_chat_retrieval48_seed61_shortcal_longeval_thr01_tol036_w512,HuggingFaceTB/SmolLM2-135M-Instruct,chat_template,24,0.01,0.36,evaluation,sink4_window_256,24,576,0.4525980058259264,3.187344491481781,6.816346168518066,0.1111111111111111,0.2321623288360101,260.0,1139.4583333333333,0.1595814181076207,actual_replay
outputs/experiments/20260710_163512_740942_longshift_smollm2_chat_retrieval48_seed61_shortcal_longeval_thr01_tol036_w512_HuggingFaceTB__SmolLM2-135M-Instruct,longshift_smollm2_chat_retrieval48_seed61_shortcal_longeval_thr01_tol036_w512,HuggingFaceTB/SmolLM2-135M-Instruct,chat_template,24,0.01,0.36,evaluation,sink4_window_384,24,576,0.4498314814223529,3.1796751022338867,6.992692947387695,0.109375,0.3464576291860459,388.0,1139.4583333333333,0.1590997539045197,actual_replay
outputs/experiments/20260710_163512_740942_longshift_smollm2_chat_retrieval48_seed61_shortcal_longeval_thr01_tol036_w512_HuggingFaceTB__SmolLM2-135M-Instruct,longshift_smollm2_chat_retrieval48_seed61_shortcal_longeval_thr01_tol036_w512,HuggingFaceTB/SmolLM2-135M-Instruct,chat_template,24,0.01,0.36,evaluation,sink4_window_512,24,576,0.3261670468700591,2.7588483095169067,6.562930107116699,0.0798611111111111,0.4607529295360816,516.0,1139.4583333333333,0.1598990393506862,actual_replay
outputs/experiments/20260710_163512_740942_longshift_smollm2_chat_retrieval48_seed61_shortcal_longeval_thr01_tol036_w512_HuggingFaceTB__SmolLM2-135M-Instruct,longshift_smollm2_chat_retrieval48_seed61_shortcal_longeval_thr01_tol036_w512,HuggingFaceTB/SmolLM2-135M-Instruct,chat_template,24,0.01,0.36,evaluation,uckv_budget,24,576,0.3255615610903214,2.7488682866096497,6.588812351226807,0.0815972222222222,0.3678959166866947,397.7135416666667,1139.4583333333333,0.1711743211093777,actual_replay
outputs/experiments/20260710_163512_740942_longshift_smollm2_chat_retrieval48_seed61_shortcal_longeval_thr01_tol036_w512_HuggingFaceTB__SmolLM2-135M-Instruct,longshift_smollm2_chat_retrieval48_seed61_shortcal_longeval_thr01_tol036_w512,HuggingFaceTB/SmolLM2-135M-Instruct,chat_template,24,0.01,0.36,evaluation,uckv_entropy_adaptive,24,576,1.9514735701939625,8.061668395996094,15.218530654907228,0.4010416666666667,0.0150276502015036,16.78298611111111,1139.4583333333333,0.1548732288802057,actual_replay
outputs/experiments/20260710_163512_740942_longshift_smollm2_chat_retrieval48_seed61_shortcal_longeval_thr01_tol036_w512_HuggingFaceTB__SmolLM2-135M-Instruct,longshift_smollm2_chat_retrieval48_seed61_shortcal_longeval_thr01_tol036_w512,HuggingFaceTB/SmolLM2-135M-Instruct,chat_template,24,0.01,0.36,evaluation,window_16,24,576,7.08203334831564,20.761157512664795,27.528396606445312,0.8038194444444444,0.0142869125437544,16.0,1139.4583333333333,0.1666512174461824,actual_replay
